3.745401188473625,21.851329288386196,126.1705683735906,-81.80862254257377
9.50714306409916,25.419009473783582,124.69787990719999,-56.8124757735804
7.319939418114051,28.729458358764084,190.62545805210368,-135.96320591371588
5.986584841970366,27.322248864095613,124.95461998495061,-85.27533153244899
1.5601864044243652,28.0656114786145,127.1949726128631,-76.11609076099597
1.5599452033620265,26.587833667107173,175.93982624179637,-147.22102726512492
0.5808361216819946,26.922765645178526,144.973984245054,-119.09081820576493
8.661761457749352,28.491956515653193,177.67105569551813,-121.6221083762048
6.011150117432088,22.49668008859186,106.53661575643852,-77.32423763965421
7.080725777960454,24.894249636431404,148.75711936733842,-97.36155066663183
0.20584494295802447,22.212094418196024,103.36136001832827,-86.96149152524991
9.699098521619943,29.87668007996647,106.26532034553546,-44.3572142794785
8.324426408004218,29.440593396866134,190.6437453344411,-153.03534770207457
2.1233911067827616,20.394268113685058,113.92453711175952,-75.32272887173387
1.8182496720710062,27.055751725156885,153.2420682275217,-127.00216333487596
1.8340450985343382,29.25248317415666,141.10956026007065,-86.14482270232061
3.0424224295953772,21.805753451273336,134.73433262588426,-110.59865303032626
5.247564316322379,25.679452305526294,189.98333456872723,-172.76025610966857
4.319450186421157,29.15488297588042,102.18233967754895,-57.4407221107224
2.9122914019804194,20.33945978585799,166.3789686175589,-134.39076068376806
6.118528947223795,26.9742026724684,196.33944342135504,-159.10563695752575
1.3949386065204183,22.973490073725507,156.0168183461842,-139.57644070268205
2.9214464853521815,29.243961953765304,193.68224620330918,-159.18113038380335
3.663618432936917,29.71058245165368,105.22578792860237,-46.03823048889546
4.56069984217036,29.44266489113434,141.87933190741614,-81.2891644108964
7.851759613930136,24.742142166574638,126.01577909620511,-57.29428541795463
1.9967378215835974,28.620426509893136,173.08209649807299,-144.20472420926026
5.142344384136116,28.4454939853507,198.12970904972468,-173.2823850067771
5.924145688620425,23.191004732432557,125.65300624442477,-85.48263925626262
0.46450412719997725,28.289154741506774,165.41746014740744,-134.8651577086959
6.075448519014383,20.370076347154928,119.809763275974,-89.36807504769922
1.7052412368729153,25.96269878482053,156.533025457161,-136.9211279203653
0.6505159298527952,22.30008837287703,146.39324866883362,-123.12702824957493
9.488855372533333,21.20566885777279,197.2005329631537,-159.38426466629943
9.656320330745594,20.769532016292093,160.85272726964666,-115.28216437763714
8.08397348116461,26.9628877587814,134.95063720868188,-84.60974651990188
3.0461376917337066,23.398749637680663,111.40957848879333,-76.19664516841227
0.9767211400638387,27.247667715287616,115.12468287349346,-86.75332469854776
6.842330265121569,20.653563407989424,122.5316929951235,-70.81540839819705
4.4015249373960135,23.152903378306103,125.0966661340298,-75.73707163826937
1.2203823484477883,25.394912923753374,185.0616057841138,-182.93515020386815
4.951769101112702,27.907231648389637,156.1222788282525,-120.7054648803144
0.34388521115218396,23.1875250293207,152.33909113743664,-147.87480111521865
9.093204020787821,26.258913764370092,111.47688718692174,-53.30257099044048
2.587799816000169,28.85977748236187,186.0139693349435,-154.3883108308753
6.62522284353982,26.158631881823045,172.28143032084836,-143.11276167778556
3.1171107608941098,22.329594747536337,106.76683619000016,-79.53676492629764
5.200680211778108,20.24400781556538,170.78350972297687,-154.26498823447656
5.4671027934327965,28.700988739009297,154.3538217342646,-103.74497665819378
1.8485445552552704,20.21269410850387,108.17253457467783,-80.19703454799932
9.695846277645586,28.747016726841995,145.83006415286565,-87.90925541868356
7.7513282336111455,25.28937134027212,148.46962871300468,-96.15801710200117
9.394989415641891,29.390676985128962,116.57745401632758,-50.7568610419483
8.948273504276488,27.987832357736654,194.56981470002825,-146.10692352707974
5.978999788110851,29.979341105333376,184.9975371480662,-121.37940809510599
9.218742350231167,23.5071181545171,166.90223373291082,-105.2475236112945
0.884925020519195,27.67188288931127,146.22955610006073,-127.26308804997801
1.959828624191452,24.01930913609242,141.17655415845084,-103.8145914408851
0.45227288910538066,24.79875620303909,165.0973467150954,-136.34250737494762
3.2533033076326436,26.2750546321837,154.54318694069053,-130.3702809120548
3.8867728968948203,28.736771141863386,106.22731058818856,-45.33407173123267
2.713490317738959,29.840834691992953,151.25026487703317,-93.95802970304271
8.287375091519294,27.68273413864518,180.64036172328395,-140.85432761891244
3.567533266935893,24.17766782167334,145.92398775969582,-121.024344661988
2.8093450968738076,24.213570022770703,105.19565775542684,-55.37696975120038
5.426960831582485,27.375823015888916,178.62781993840332,-135.1548395739221
1.4092422497476265,22.387771457683023,120.13637821359744,-86.70222316867066
8.021969807540398,21.104741131313947,125.86208348880388,-75.231757320409
0.7455064367977082,23.546221576407767,116.47063534322959,-83.80146536334577
9.868869366005173,22.87238991654082,133.02150648714976,-90.31746746193672
7.722447692966574,22.963081204559902,175.6751505688635,-125.08596616146292
1.987156815341724,22.3360775104991,151.93858595039373,-116.7695915904506
0.05522117123602399,20.42093189636362,120.48812741507126,-103.80242925707608
8.154614284548341,20.178739347334137,187.7830078152041,-154.85787625106263
7.068573438476172,29.877223897360317,187.95818549515292,-153.37872040061745
7.2900716804098735,24.277731337358624,187.05784250460067,-142.8283767554548
7.712703466859457,23.843266471596817,123.87962113815394,-65.86964922428187
0.7404465173409036,26.7964728269307,145.12393441809883,-115.90647572446406
3.5846572854427263,22.182538878650643,198.49896561408752,-167.8255929939841
1.1586905952512971,29.499611839502254,177.20124763099903,-149.97766752066397
8.631034258755935,27.86345014415552,102.71674212255598,-28.8921660797588
6.232981268275579,20.894110023122597,106.5204591260492,-72.32812885065822
3.308980248526492,24.175807757849284,146.39313768123327,-113.55665956489608
0.6355835028602363,28.791183075621646,190.922020586156,-168.16394056359928
3.109823217156622,29.4473202229141,153.87017979527144,-109.66738280574852
3.2518332202674705,24.674015112498697,149.78125080342903,-120.23592224526502
7.29606178338064,26.134113892107077,110.54736999566306,-53.55371453625525
6.3755747135521315,21.67033946092075,165.6780104724294,-122.73091648713417
8.872127425763265,29.911686261369766,182.21031606002254,-129.15303450536126
4.722149251619493,22.316717013834435,138.04200075075624,-118.32354379857375
1.195942459383017,29.427317741351256,177.56118509253275,-129.5944172043069
7.13244787222995,26.496466489923684,196.44766539008117,-141.31651049954797
7.607850486168974,26.07736794878859,120.37664591276891,-75.98465265233143
5.612771975694963,25.126885110165084,152.33296311947413,-103.49131704463795
7.70967179954561,22.306698117177586,128.71379580845755,-85.65838533117991
4.937955963643907,21.765280320055084,179.28544190338394,-149.51772358588076
5.227328293819941,22.204862090701752,157.75933658811576,-121.44310319676049
4.275410183585496,21.864382621442545,163.45824175503037,-137.6148289616211
0.2541912674409519,27.795844735667533,179.7914159615894,-164.32641242882607
1.0789142699330445,23.501252591667303,139.59704726624548,-121.2930368553902
0.3142918568673425,20.578426765633964,191.50900684070433,-194.65800965679063
6.364104112637804,29.691026301408115,153.30288672461398,-107.65616652465185
3.143559810763267,28.83785884963426,115.7954822835348,-68.06439871883191
5.085706911647028,29.27752283195213,169.58991181688026,-131.38272193349974
9.07566473926093,29.94907822646435,179.32613504382545,-113.71295053247594
2.4929222914887497,21.738952492194873,131.67616770675266,-88.76191144092407
4.103829230356297,23.962420189026588,185.7179256998753,-163.9775585503479
7.555511385430487,27.582384757040913,190.61432547657665,-141.97584772774556
2.2879816549162246,26.960206180537924,127.6904487377809,-83.6073186109713
0.7697990982879299,21.53895906339855,198.3521472715222,-185.3764431394892
2.8975145291376805,28.158331249906176,114.07115280487584,-66.85203420990527
1.6122128725400442,22.244405718366608,120.201566840249,-84.45905896224154
9.29697652342573,22.23817614822623,118.42248392380262,-58.044903438491424
8.08120379564417,25.369744228934135,189.39897100078704,-158.09471325870115
6.334037565104235,25.929399348417032,165.4292552324962,-113.20267552556211
8.714605901877178,25.80086207837811,115.21042832222729,-44.69667459284115
8.036720768991145,20.914868373977548,144.0323418368349,-108.4219249691658
1.8657005888603584,28.774608626303802,161.52980250698022,-126.499754477651
8.925589984899778,22.65600042588706,108.34640849893833,-44.365234429103246
5.393422419156507,21.295149212828044,188.24163684073386,-164.38631059068757
8.074401551640625,28.887480798689772,180.3603535441535,-116.77852866733336
8.960912999234932,29.556514982297536,150.52067735766383,-63.5542109228559
3.1800347497186388,28.621276172654504,196.71266152591704,-172.68025257086057
1.1005192452767676,28.09516074724878,141.77609792750997,-121.09010861685859
2.279351625419417,26.55241980639022,198.41103190364979,-171.31724004594358
4.271077886262563,25.508573706091394,166.7919998803627,-124.41799742046291
8.18014765922493,20.8698675991141,163.46712732539413,-126.01197776349379
8.607305832563434,24.084532130706986,116.5954895295785,-44.67889291382715
0.06952130531190703,23.72688517012314,188.1927758304644,-189.1476055679395
5.107473025775658,22.597537837603262,142.74896879206153,-99.03859127097607
4.17411003148779,27.23420113688585,116.22334057824793,-73.72540940381887
2.2210781047073027,24.958757350787707,101.26075199757591,-44.13195953188837
1.198653673336828,20.81046215907648,155.97556836383825,-119.3482701141852
3.3761517140362796,22.201832019498113,152.73996221226764,-132.51414229248164
9.429097039125192,26.83258763659596,171.93536223691586,-122.46773236959513
3.2320293202075523,20.761308594903003,189.02580530178022,-163.3242368223155
5.187906217433661,28.51206914048769,107.94065846430296,-55.36707969901673
7.030189588951778,24.951465270139742,173.14964903403623,-131.22995039154117
3.63629602379294,24.80586577326648,118.74119440975822,-77.41619487915088
9.717820827209607,25.924077846595175,185.8177053157164,-153.72504156775273
9.624472949421111,28.24680965925149,181.90635138616562,-125.4220435169391
2.5178229582536416,23.47809207902193,154.07937549855444,-133.67615461907326
4.972485058923855,26.780161525590636,171.02427986233116,-136.51832714882127
3.0087830981676964,25.65731963995791,131.43501131837485,-78.87458145986312
2.848404943774676,22.670282701694212,147.11678989328146,-131.5282058379611
0.36886947354532795,28.78629986355158,182.16368977104716,-148.72210298690985
6.095643339798968,27.974260216069283,145.92651971732138,-97.82075482106185
5.026790232288615,26.584518346584254,135.77982653254418,-92.31213918317424
0.5147875124998935,28.505817290942417,149.42124472503,-109.73780210479016
2.7864646423661146,28.672942009598025,182.82492524372185,-146.02359287834005
9.082658859666537,27.08362976715035,133.52080473708727,-65.8539071924608
2.395618906669724,28.37013328363672,117.37615931357438,-63.20759850197948
1.448948720912231,26.974714616692836,171.20140203307807,-147.03654505327913
4.89452760277563,26.801407717603006,182.5978212708082,-151.8259500533663
9.856504541106007,26.186113782151843,110.06374785235333,-53.43939785201208
2.4205527151150044,27.527166395576412,123.98741127559447,-90.76001489688994
6.721355474058786,21.58605105293074,114.19719897609939,-38.6902431478717
7.616196153287175,28.808707591989283,134.79414115821666,-62.15120110280952
2.3763754399239967,28.718435277452322,145.03509789054127,-118.92683300834585
7.282163486118596,20.29247283034559,174.88263369633063,-154.98197485789163
3.677831327192532,28.258167505647627,165.1147584881674,-121.1044881615821
6.3230583059357945,21.28869867473445,162.09285674784311,-122.20180883591443
6.335297107608947,23.35118854259142,135.23749466096544,-85.58511942391159
5.357746840747585,27.43508256291608,184.144755308476,-147.15747698096783
0.902897700544083,21.60759896048308,147.12871673981647,-129.27290291888997
8.35302495589238,28.17967024119062,197.91049380151546,-145.80090246810133
3.2078006497173583,28.32134177957742,163.41421382957367,-124.53600652143174
1.8651851039985423,25.074677337608364,112.62647415645027,-98.1598024422432
0.40775141554763916,20.063858717168337,167.61775620754338,-159.87807049433377
5.908929431882418,22.87038133174913,132.5104015431699,-98.81749238614536
6.775643618422825,26.16926918375742,168.63271966860975,-121.93693146287612
0.16587828927856152,29.811861780274235,106.96411481624057,-35.31886400240371
5.12093058299281,26.318135270166685,117.48814371759593,-64.11961469854721
2.2649577519793795,22.598035810641598,185.57372589057863,-170.44054059614317
6.451727904094499,26.340057030996114,122.71795570235149,-60.14836439362668
1.7436642900499144,25.399853797158556,183.704112524294,-156.17553816785298
6.90937738102466,27.798453951511437,127.92760884544104,-66.75261157825051
3.867353463005374,21.069806388269583,164.28819100587077,-133.29499273900328
9.367299887367345,27.61027902502028,169.4150573509831,-91.965497614556
1.3752094414599325,25.412665786761103,151.2654753145053,-134.6476235333574
3.410663510502585,29.629920038589944,130.53106766967312,-77.74080606769526
1.1347352124058907,23.41872166038686,121.26443763710961,-101.63024773411388
9.246936182785628,26.326218931339483,103.31893545624263,-30.778259688506054
8.77339353380981,29.320281055100175,130.3946401240724,-73.38096567970311
2.579416277151556,21.02509727990679,165.3162790531283,-149.3725417419701
6.59984046034179,29.37228487236451,193.83048184484826,-150.7662375130352
8.172222002012159,26.878857223008133,187.1204482263052,-129.7379935027595
5.5520081159946235,20.67837059105172,176.60647765353025,-139.88662209762236
5.296505783560065,23.009635669468164,178.84473432532985,-160.2128498065163
2.418522909004517,27.081720886452814,166.49849034759953,-133.91240326405423
0.9310276780589921,20.673506014687717,126.0286857566003,-111.6572619513614
8.972157579533267,25.821704601762733,190.719503070583,-155.82032159938473
9.004180571633304,23.458830569529567,167.07323119058339,-121.8798717362151
6.33101457273268,26.20915517767477,156.04406309804398,-113.13992672452954
3.390297910487007,20.45742033812513,111.0989469213481,-54.224946045395185
3.492095746126609,28.715368061523762,144.70555438064252,-96.79245896252104
7.259556788702394,29.73488969177397,146.03582712019264,-101.16745043858981
8.971102599525771,29.688778552856917,186.456360952267,-135.6500791250901
8.870864242651173,27.49651831742925,154.66482201877886,-86.5932401523601
7.798755458576238,21.30086240130632,138.04005489704096,-72.73618299998981
6.420316461542877,27.582631959290225,197.68003285106593,-172.68123781374914
0.8413996499504883,20.245869164588015,111.07205933263157,-106.6244910300868
1.6162871409461377,20.221235515289973,142.25484283119445,-103.8745600682951
8.985541885270793,23.236102191495412,104.20246751714053,-40.901608046271456
6.0642905965958995,24.88643190404666,173.99041207669302,-143.98489772421163
0.09197051616629648,27.70407417807793,191.80765521991506,-166.322442822128
1.014715428660321,26.832953766065053,128.00373295504895,-120.06125002717978
6.635017691080558,24.459027063767483,185.83416767991207,-148.38072739722924
0.05061583846218687,22.73626666281666,129.22182304618977,-103.86466050046423
1.6080805141749865,29.97124500157711,191.07701616439152,-151.48182169896714
5.487337893665861,24.26181302235973,175.3961903596784,-150.4588979797535
6.918951976926932,24.513870243296754,180.49067768414386,-140.03648217677159
6.519612595026006,21.63623821191669,101.80065556004546,-63.16028860503435
2.242693094605598,27.948095487499295,196.2810357074026,-166.44297893727182
7.121792213475358,26.936822257814885,172.66709920703232,-134.66038278349401
2.3724908749680007,22.207696127887605,130.47510953861334,-105.71125990698624
3.2539969815926773,20.823810456158427,182.93946648588468,-174.36652233745684
7.464914051180242,26.80499302074713,128.152119841493,-64.85349686885522
6.496328990472147,26.54511214281135,187.2753839566128,-137.6640626148124
8.49223410494178,22.73259526998209,111.2580390411937,-58.39458311474795
6.576128923003433,29.5086356225041,170.36859774607956,-119.07535130792454
5.683086033354716,21.510578917809003,154.06984766449102,-134.30671449958425
0.9367476782809248,24.32334801042602,109.65344701954407,-80.22325520764288
3.6771580305943354,29.436159201675988,124.1893828258839,-74.84331813087837
2.6520236768172545,24.197273169261223,101.24040362773148,-35.18419691866905
2.4398964337908358,26.385259476640854,146.87679654645058,-123.42314369426859
9.730105547524456,23.975943979627942,130.12652607600003,-57.10520713012139
3.930977246667604,22.7421520234867,159.8357484297759,-120.31737076841429
8.920465551771134,29.83977647959828,129.7237807708617,-58.9770128417773
6.311386259972629,24.09334006315043,129.99191115069846,-65.7182224963667
7.948113035416484,28.940992036791343,174.31931987316034,-116.86765022050426
5.026370931051921,22.299546058910863,104.81428359783534,-57.46420337832857
5.769038846263591,22.131047040250834,190.28949951919873,-162.2117712067646
4.925176938188639,20.311340828845115,185.22638743911813,-150.1440410785205
1.952429877980445,26.51666825375885,166.78046832264067,-126.65336174323481
7.224521152615053,23.685263437237612,159.32215701073844,-122.41848403549658
2.807723624408558,28.64358249839637,189.23024981396523,-170.29021579068362
0.2431596643145384,24.732099066915573,118.53301795287145,-91.48096105177872
6.454722959071678,29.681934279147217,107.89691621908287,-52.55309276391588
1.7711067940704894,21.855255157031213,123.9510169909538,-97.28155652628585
9.404585843529143,28.68623167955611,179.45782787001903,-109.81787511776163
9.539285770025874,27.765968527917416,103.46702667264833,-37.03741445432876
9.148643902204485,27.70921844644052,158.28068350834897,-100.15544162789372
3.7015870025544437,28.44783228116888,199.543751619131,-166.17627229547804
0.15456616528867428,27.61023990942999,185.56960938375394,-155.67673705013854
9.283185625877254,26.262203216314155,152.14456890435895,-117.40059958024668
4.281841483173143,21.312448776823874,106.36409092866424,-73.9613244396139
9.666548190436696,20.32526179491252,183.137351438571,-141.13601636764574
9.636199770892528,29.20847847815687,159.89785081772106,-84.81212741474337
8.530094554673601,26.16650314520738,111.49329970595669,-53.905996575916966
2.944488920695857,27.96537290976176,109.38572848233562,-80.99540690628629
3.8509772860192526,24.815223515125503,190.96268194365922,-157.36771398989876
8.511366715168569,21.173081889623944,166.92002629380784,-132.4043999695254
3.1692200515627764,21.251857922025504,182.92867993167556,-175.68991069219098
1.6949274668609249,26.855652872289713,187.89789002822673,-169.39180476518268
5.568012624583502,24.303058948994625,157.17723520483221,-119.93346784342617
9.36154774160781,22.005247267003366,151.74463517550413,-109.16457249965266
6.96029796674973,24.915945467414367,143.042741032099,-117.02242144431526
5.700611700893649,20.64208937075134,131.69465877911193,-85.7623999343574
0.9717649377076854,25.819714019143987,143.45959608587117,-101.7801881680789
6.150072266991698,22.689934044350977,177.38796557301563,-137.1762243466157
9.900538501042632,27.975591006371882,160.19234310151316,-110.20704255903381
1.4008401523652403,23.103619589235738,189.25232899548462,-175.69716846338332
5.183296523637368,24.552201490818014,144.33800143791876,-103.56965391434846
8.773730719279554,20.116205399081007,160.70895787187538,-113.91071669508281
7.407686177542044,20.72446887794559,163.1307553091989,-119.62521521877495
6.97015740995268,23.92493556406685,159.16971623063256,-123.70748184516924
7.024840839871093,24.799388347171234,170.26337730855164,-126.83043873751794
3.5949115121975517,26.000205481193035,123.74334683748063,-76.73659035562753
2.9359184426449336,22.916625787093032,151.23637775457905,-108.52480138187457
8.093611554785136,26.949818861265427,110.42248028083476,-40.53965088834909
8.101133946791808,28.601223971892047,138.45113276448126,-69.83425328887766
8.670723185801037,27.7985098889335,148.76670686212645,-88.95738003819417
9.132405525564714,20.396188253483572,165.22242595454725,-109.36690502162966
5.113423988609378,24.80506947257829,195.05310525862035,-159.9784684982022
5.015162946871996,21.04930178418175,160.06510665483557,-138.93240302670472
7.9829517896677515,22.420450158625275,174.35939161765597,-120.17429364298503
6.4996393077776515,29.866625932671464,150.62660594952027,-88.30424237820216
7.019668772577034,21.42495542901513,163.41040313763312,-130.96167687149318
7.95792669436101,24.98888153451356,107.09322161337734,-52.97740095730321
8.900053418175663,26.18155734318119,125.4391580841847,-61.429776865318686
3.379951568515358,27.02464970544104,136.18530932051385,-90.20892836071084
3.75582952639944,25.59648683486914,147.24933550065134,-107.8282542488463
0.93981939840869,20.097708474191837,104.56487455023837,-76.87020703562392
5.78280140996174,23.26461308243992,114.00240975533177,-50.7078255526444
0.35942273796742086,25.177116433847115,127.68143077913058,-88.3723613186429
4.655980181324601,20.878664991448332,197.15326909010508,-174.53643987879823
5.426446347075766,23.506269312091806,133.13470071030508,-81.99280727453328
2.865412521282844,20.332031087913666,148.20410581120825,-135.44395689961664
5.9083326056901075,20.785784971550207,119.6097712738393,-75.22314246896825
0.3050024993904943,23.96923276201596,161.0780071075768,-123.79764748366081
0.37348188749214417,21.327157540430605,128.06832155159742,-109.76822737471386
8.226005606596583,25.67540848261558,120.69925784384267,-70.6060712622213
3.601906414112629,26.894649691372656,151.6572628445979,-119.42416749817131
1.2706051265188478,28.005866991090826,100.55057991604208,-68.29758764856768
5.222432600548044,22.0015024424481,100.76640326492253,-64.28563376812491
7.699935530986108,21.674825822590698,121.90688091018578,-77.52642949223137
2.1582102749684315,21.045678403344002,103.67213625008212,-86.71257308247304
6.228904758190002,26.364302495436366,110.80257541306914,-55.64070526210555
0.85347464993768,27.064757264869012,133.88606493387516,-91.81735465177691
0.516817211686077,20.31586144825642,180.25856795798128,-180.915674068807
5.31354631568148,29.3621224624369,157.2048643369301,-93.19512869189575
5.406351216101065,20.519712836514724,151.26677259564164,-114.39858001645936
6.374299014982066,25.412963353010703,129.34888232081215,-69.2355833349743
7.260913337226615,27.090605194509166,193.17537194328162,-156.0853242816969
9.758520794625346,28.709691237460856,139.70150412371916,-64.65137829794031
5.163003483011953,27.140869321324278,108.70927667957714,-66.30413325412286
3.2295647294124596,28.01728083069792,161.70665161178013,-115.0057406283618
7.9518619476870365,23.39450192542806,111.38383934766014,-54.98224295895329
2.708322512620742,28.148251137465124,134.5223142801692,-87.30380875350585
4.389714207056361,20.80114846384675,150.7411938717809,-133.59896720361013
0.7845638134226596,28.948166560605276,187.42225246851757,-170.32027826073676
0.2535074341545751,25.475923761537363,149.35465803401186,-118.8665915395109
9.626484146779251,28.172977699624937,170.22587660316643,-120.89858428310197
8.359801205122059,24.523182845183,199.28168389990702,-153.7479695660857
6.95974206093698,26.43577695196525,113.14891198979817,-69.57584363995377
4.089529444142698,25.26402660936113,127.47315255195196,-77.11823200151784
1.7329432007084578,27.31589521755332,139.45760755976465,-116.24568106006109
1.5643704267108605,20.816299820305897,142.18281785388314,-115.90685593173414
2.502428981645953,20.603520839905638,141.10210752655456,-111.04032449584277
5.4922666470612045,22.471032340101466,190.7611002556555,-169.46893731215505
7.145959227000623,21.595446801131885,171.40326444668563,-129.50235608829632
6.601973767177313,28.717835665922017,160.79052140907038,-106.92983997399206
2.7993389694594284,22.192139873580444,130.93727178627822,-106.1119645778343
9.54865280663194,29.758652558191315,182.37903842212947,-133.0269377519039
7.378969166957685,23.368957917711068,195.5060511484989,-179.33231458337931
5.543540525114007,21.82117915688699,182.11982825502264,-149.8204253656685
6.117207462343522,27.89698507142479,100.15651051914729,-55.84194556840289
4.196000624277899,26.58707775500876,163.6401370183407,-124.89585695710471
2.4773098950115746,24.98195716453139,105.11353814421007,-67.63803325581814
3.559726786512616,25.553635509376313,125.76072203337219,-77.99976036318026
7.578461104643691,27.192017782722637,105.95247003477716,-46.53556782666078
0.14393488629755868,22.284547413312985,160.37954529493877,-148.44861054739872
1.1607264050691624,29.96333916056742,168.65899134926067,-128.0865279212962
0.4600264202175275,29.74793162146783,111.4487638065905,-66.30718740122362
0.40728802318970136,26.503256863469367,138.38388830449796,-105.81675889912012
8.554605840110073,21.99542450929145,145.6236508955542,-93.92419326668247
7.036578593800237,26.802282424312914,136.90530217609165,-98.7292656740231
4.741738290873252,20.721984089791757,112.1025000485193,-66.84286265173425
0.9783416065100148,20.30652502205806,141.89477901874756,-118.08114871325405
4.916158751168323,22.576828885112135,175.11780478084182,-155.69030073495054
4.734717707805657,24.626229567393164,107.10076645332555,-62.67513041188721
1.7320186991001518,28.682725054083804,108.01800140819034,-63.71888650567819
4.33851649237973,27.271690697663082,135.47712918359844,-91.46216467591391
3.9850473439737346,27.42706521199981,194.1725711618925,-158.123983079478
6.158500980522165,24.254933344480754,166.85726467229142,-113.42493633320072
6.350936508676438,23.45934992546963,167.86699566725648,-119.12981490012572
0.4530400977204452,23.710387629846025,136.1919990837865,-125.17513647015964
3.746126146264712,29.876495637360577,159.36607912085384,-109.1665126915804
6.258599157142363,20.401091914124827,101.01311840277434,-43.179018818314695
5.031362585800877,28.670314961224484,163.60960464095422,-114.64600989337852
8.564898411883222,25.786754085723935,191.32869475762368,-134.5553014356772
6.58693631618945,24.386154191895905,161.25734683448192,-99.12091083472617
1.629344270814297,27.252576604151365,187.36985934663448,-151.67361993832367
0.7056874740042984,24.866689414247027,172.39730554660937,-149.69372677058018
6.424192782063156,28.734232380816607,112.05584164036902,-41.18956249065936
0.26511310541621813,29.007018640112584,190.24533072858418,-165.00288353013892
5.8577558127346325,24.217209268734553,106.64438443557749,-56.37594608092966
9.402302414249576,22.768277972350518,153.3967472547764,-106.86879687105939
5.75474177875879,25.92350328593362,114.21371237934576,-46.841368140777476
3.881699262065219,29.12363345616691,101.1706610730904,-54.8435022719497
6.432882184423532,22.106621890056665,142.20342601276388,-86.38144035393414
4.582528904915167,26.229665835634826,129.50407076541563,-79.28509425905884
5.45616789315935,26.315602200925206,148.6000493797603,-117.9537687557311
9.41464808776525,27.33113022415281,157.71998867345508,-95.24085170033258
3.8610263780077423,21.3156768512726,104.37390723089473,-87.97244004289037
9.611905638239142,27.158249646820884,112.30032951237456,-37.83132125437824
9.053506419560637,29.09032520665641,155.86423964504255,-85.40781734172045
1.9579113478929644,21.79683108870242,134.31673531726582,-114.47760693333905
0.6936130087516545,22.375433249238775,172.91734875494478,-156.8492861923457
1.0077800137742665,29.713950940416396,165.229164859194,-112.80689647044555
0.18221825651549728,21.809769527094897,184.56043629899068,-180.09171069670467
0.944429607559284,28.543850933695794,169.2492826669225,-150.44062448365435
6.830067734163569,24.922778564480346,142.99310773901482,-80.53202320721059
0.7118864846022899,22.47231074403177,167.29666223944324,-131.44666752344918
3.189756302937613,28.707499012725116,127.53811742554186,-81.55888920516735
8.448753109694545,24.453052550026655,130.63134987782126,-65.72094326031507
0.23271935735825866,25.148173539296902,178.89851599207933,-147.63777785190896
8.144684825889358,23.592333693997656,144.64195164015823,-102.94488664556586
2.8185477477339993,25.929508514349273,179.83803405183525,-156.3418142186785
1.1816482762165625,21.63523872585023,182.24223736682785,-156.81216941760263
6.967371653641506,23.910815366517607,185.7562337661284,-131.45882467483673
6.28942846779884,29.694123223352875,191.66352358412072,-139.99676129286436
8.77472013527053,22.581334327011277,143.0985220513296,-102.38404743644553
7.350710438038858,26.56736664541292,131.88668183211388,-56.874450593039114
8.034809303848485,23.251900642246948,158.2198746594114,-118.22273465722502
2.820345725713065,27.734731256866006,137.11724234376277,-99.7779229448155
1.7743954377972282,21.308736607183498,160.1074166800233,-137.7467907637561
7.506147516408584,29.698210450785446,170.55858626438246,-100.4909410560317
8.06834739267264,24.53789541383639,168.8405018492137,-114.30004621012353
9.905051420006734,22.36050463346464,137.45528870201213,-79.17295173849612
4.126176769114265,20.734967473300127,116.68602016987528,-77.40528851683908
3.720180857927832,21.697579050875408,143.05293384622075,-112.64282491944446
7.764129607419968,25.197739485560177,114.25941440819088,-51.440195598997725
3.4080354025301784,23.370031764312863,189.00970351838083,-191.10205438508737
9.307573256035647,28.288833658826093,134.58774607378575,-72.48831279958132
8.584127518430119,24.308875236618057,115.44597472233238,-55.028866006227695
4.289940273750183,22.4871427258763,102.54477599057509,-72.32608134241931
7.508710677914974,26.1714498660403,164.58223862864844,-112.39492108487548
7.545428740846823,27.067772168854457,163.6902317454743,-115.22166815687213
1.031238688359326,21.6704190790095,134.06041665812916,-94.20052753142248
9.025529066795666,21.676192162883176,107.1711888847651,-35.76587413373006
5.052523724478571,20.36671426933543,140.9628894895232,-113.35959007733007
8.264574661077416,27.364020150656405,131.12174950633937,-72.46402289312478
3.2004960103061175,26.63804527621805,167.71206397350093,-134.8523213081557
8.955232284962005,24.746308757498138,160.57792494526905,-113.89954330780597
3.892016787341631,28.441704489691972,136.459372819754,-88.45135935937466
0.1083765148029836,28.056701529500533,121.78925542549901,-94.43153618571313
9.053819764192637,25.85354364396752,198.80359661555917,-163.88965846104023
0.9128667678613356,28.68271280513259,145.40016211961148,-104.82435172623798
3.1931363759041487,22.058412100367683,168.8274235780237,-138.7989697249737
9.50061967050805,21.119196193977277,114.05529675783608,-67.30703285187275
9.506071469375561,22.697496115169898,148.55896996593978,-88.38121766683047
5.734378881232861,20.57086856089315,102.75367198694654,-66.35103361379853
6.318372121697992,25.31169528001032,150.545511791045,-102.85409925490951
4.4844552197831975,29.366056922949614,196.40174071177023,-150.11433592056434
2.9321077169806453,20.393435406685096,138.42067129858003,-113.3523398418622
3.2866454536991596,21.221099140100268,103.89960125749116,-64.06454510542041
6.725184560770384,24.521990282834352,103.09557909193435,-53.84466579254845
7.5237452943768,29.33875017527905,138.79867599468696,-80.57859312950052
7.915790437258485,23.161561049767506,116.00249364631941,-64.91704194947022
7.896181427945539,25.072348086883924,102.33520963281859,-49.97946904451906
0.9120610304869037,20.41572859050392,175.6213613950177,-166.44813165841663
4.944203047025814,21.483432009620888,145.85230088818906,-128.08902616967012
0.5755876001664428,29.86630122958847,128.92447719726545,-94.88712092542124
5.495288823237355,29.651186964360456,190.00831830164807,-149.35773338918668
4.41530501373377,20.049399809344095,111.61389602005256,-78.94116560132608
8.877041827582998,29.51811785423239,195.5918828955319,-144.06754004291756
3.5091501255207866,26.391199378155004,131.3966717377353,-90.59010395043538
1.1706701642760586,28.67918294520022,188.84036723086814,-157.49039573629443
1.4299168205283586,24.547398556338592,160.29428764794616,-127.05372859604988
7.615106317174723,25.155960285792503,182.67073597414873,-146.22214672718536
6.182180633162611,24.8884658025692,198.4013163210464,-176.21017773768264
1.0112267612279024,26.668642575461043,128.84054378187457,-105.48565358791467
0.8410680611499743,21.39651254756313,196.1135485407593,-192.33187289695292
7.009691314591199,20.29973589872678,138.94818949024204,-103.09367557806009
0.7276300636419353,23.07929941591191,138.55119047369223,-122.94815523424346
8.218600592903563,27.04680762736647,134.03871042545057,-88.24422106040757
7.062422271564962,22.018534521229483,154.14076073475852,-118.57272071139283
0.8134878064189976,26.734324333249173,115.41450431784871,-77.69385055798898
0.8483771408519192,29.699120461072702,155.37114853580113,-115.1576106233713
9.866395785011754,20.939007157894185,154.1704812410004,-112.07450774116475
3.742707957561203,26.726021182251262,176.190181260487,-146.33407339982688
3.706421470668909,24.43750219304571,183.36499619375854,-165.0137487682462
8.127995672575025,28.681422543775053,144.0441350312424,-84.48838154529842
9.472485773838587,21.77149789447386,130.23332493514937,-85.8904304772572
9.860010638228708,26.926259522261645,125.93348973170944,-54.333727315089405
7.533781852589416,28.381152896481105,119.46238367048718,-75.24486775725245
3.762595855309158,29.446142194740233,105.76475821990249,-55.50802248587105
0.8350071669866876,26.83248028289646,134.24479788347134,-98.8119503897122
7.771469159274368,24.971747640084274,127.02476921307833,-70.95056579083167
5.58404249735805,26.17847240201214,196.64173858664074,-134.52080887918524
4.242220092469763,28.68904984478718,155.7708826250044,-108.33228390662894
9.06354385094736,25.706097466388297,134.72770390305075,-86.00858249434982
1.1119748230615134,20.30387059696837,158.0467600993696,-144.08071445578534
4.926251042908591,29.30948695506978,113.91967013456954,-75.67426624032134
0.11353644767419069,26.895267510315612,144.40437492022028,-117.21380805870947
4.6866064199412625,26.765133857772465,162.62343214210637,-130.8687755694186
0.5630327568183735,22.15675152397717,148.88978317924514,-121.01404421027618
1.1881791626807192,26.58885470232657,140.17788006543242,-113.71363688020593
1.1752624677710488,23.938644056541584,199.3848388899698,-186.04489466998024
6.492103021160636,26.512329770414922,188.0314762148927,-153.5950967799817
7.460448792654233,21.065930303079906,162.34059581594403,-107.07017704984189
5.833687650971596,26.57845304603036,156.9377361182283,-115.3050528279887
9.621725484745419,29.994137257706665,162.0660479824584,-79.48995970636508
3.748705795237041,20.48212038860556,120.13121078224333,-79.88301221810801
2.8571208628186073,29.771741842213174,139.51377432643187,-90.07528102985158
8.685991281894603,24.069079607228705,103.94595328908993,-40.10177581192131
2.235958385194526,28.707534503372592,147.55460374868267,-105.01587471099339
9.632225394406113,27.823854840582733,154.3024583957663,-112.29679182273054
0.12154474689816341,25.67016260986668,122.77497361032096,-95.7860541790291
9.69878826707639,27.384492092513266,196.40288471655137,-135.77868961897317
0.43159911950576113,28.78515561301348,190.9454610937242,-167.6641014416116
8.911431136980712,24.04140321651033,172.2143235455906,-139.03213098864026
5.277011090862999,23.270331615632387,153.33866287653626,-117.19320474676968
9.929647961193004,26.675933855635847,186.9969159647685,-116.5820150341565
0.7379656473539886,28.078459419412585,113.06523438234629,-61.66171955696296
5.538542844013207,27.622851347766158,179.0509794274885,-138.08832762229136
9.69302535619099,27.978136488586344,112.48208139668483,-32.78432953274113
5.230978441701488,24.355833148129328,179.42106625494054,-149.51467555258236
6.293986381352625,28.178342161750216,127.5767568251357,-88.92735318402038
6.957486889846171,21.202090553706086,187.7090581018189,-165.61993532623384
4.545410647677732,25.444890979608495,194.4042093825398,-148.3129552499159
6.275580800840634,20.057586604981214,114.87959694051156,-76.50998247350415
5.843143119231002,23.245858299002702,146.26756050653935,-108.68760905638322
9.01158010490989,23.66461534871398,198.0987378162685,-159.48064474278704
0.4544638034145787,23.961726916092555,148.34074359731466,-107.05727658530212
2.809631895922303,26.954672066898624,186.3547522514545,-140.92759057190958
9.504114840765588,23.885581012703458,158.873152213132,-85.03585825192022
8.902637838909163,24.486936226225307,137.53299079196017,-84.0482425430975
4.55656752785713,22.375441308743277,128.57835555258703,-88.40136867977265
6.201325978015367,23.7325179162934,120.32230910860872,-88.01026787726846
2.7738118298113266,22.272696272631514,176.17981913776973,-140.16543512727512
1.881211597237613,20.731959237684435,138.6540506823028,-127.94130134197374
4.636984049399821,26.03448593381378,151.12754622007512,-108.28343519255554
3.533522280260528,26.682127985550164,149.2325480001182,-121.65228612590307
5.836561118508721,26.194903460096146,157.72790292331314,-119.72489059438028
0.7773463696498484,24.634940438005724,186.5577145624552,-177.78779457185675
9.743948076661665,23.797857801792297,198.07393435834294,-159.68815418469003
9.86210744479603,28.633336495718254,140.75842085738168,-79.65394936255335
6.981617140197452,25.19081785136218,182.7518922106303,-147.44858112345545
5.360963663441204,24.791818776297312,176.45277946547176,-132.58380398849448
3.0952761628632777,20.256420658064357,157.35289514555734,-146.50015215333738
8.137950197069486,23.412478276261563,195.60471436119332,-154.8712128934008
6.847311725538793,23.801956187858572,120.04745155284027,-57.927651306463964
1.626169393448913,23.988227808969004,110.92642103096215,-82.17679760638245
9.109271844938425,25.801723692273324,185.39619669554222,-143.5885537310682
8.22537242923169,25.336025467268783,143.91498166337482,-93.00876726427694
9.49799913291924,26.079050927934446,184.69688542070605,-121.83000650736048
7.2571950838836,27.648832615421284,189.3090205195415,-141.76701702793892
6.134151959357899,28.129857387160936,106.24575936190715,-52.26482180957394
4.182430362906189,27.181230762264946,188.34647629860606,-149.4579141755188
9.327284833540133,29.555236959549347,144.8319055369422,-90.10971361025076
8.660638895004084,20.182325826763616,151.04324890042324,-101.74318320736052
0.45218670106189407,21.95777985683546,162.65925110932102,-143.41103710109644
0.26366974497252005,20.075628749781423,192.6382606730087,-191.16233303705445
3.7646336687804958,26.47474714154603,101.9116094429764,-61.90660247806558
8.105533307818328,28.98030548949987,147.6843468317817,-96.86001731565875
9.872761293149445,22.434822965762994,168.77220424305608,-115.51067897408285
1.5041689110352818,29.270345447963066,172.27069576982285,-127.70271326955086
5.941307153521351,20.60267390289561,169.2532431537108,-145.41677902133537
3.8089085663102153,29.34436026805514,113.44351294081218,-56.59401194845823
9.699143978146033,23.516226872396345,129.93955883716814,-93.466660435079
8.421189231357086,21.014208284492167,135.87155254170136,-95.28804064943026
8.383287047111379,24.858717591863257,180.44372076795048,-135.29824264244692
4.686931597949703,22.56776567720508,127.8759872414553,-98.75145034461006
4.148195023376652,22.848729019619228,121.07049638672032,-92.14864588894167
2.7340707193070624,23.072899649262865,195.74480190380962,-183.54922106823366
0.5637549665092711,28.030258978326636,100.88632851134689,-57.30498069308413
8.647223762550531,25.391612766752544,199.78208556819783,-158.02412288679392
8.129010091300776,23.113076991560035,167.68212988573956,-146.61187119430838
9.997176732861305,26.103337833109183,182.84692994491172,-150.81618944570087
9.966368370739055,27.161506742231936,129.4619396346193,-69.50152588384115
5.5543170560262745,22.72624000733534,101.431527766706,-49.97575374801551
7.689874151805105,24.135491015253514,173.786951856153,-158.4202999912857
9.44765729882428,21.218860933369477,183.4144597000676,-147.46824489563653
8.496473906774115,21.811493495346802,174.04761319535191,-138.57781938565878
2.4734810174319763,26.811178539649827,114.28502873008387,-58.297998199739595
4.505441353100935,21.81438347695627,175.3427922256969,-152.6823187505035
1.2915941515149498,25.2516338366706,176.89227821076412,-150.89183341819708
9.540510272587223,27.090462617224325,165.85405156700548,-107.33053302930558
6.0617463445088005,21.06876923094744,176.61159327955863,-167.77904914277192
2.2864280550346274,25.673122196289036,184.5921439677732,-151.9124457901823
6.7170068440585675,22.565627837013636,161.36041142374586,-120.58118624199852
6.181282404578958,29.6292687523758,108.86047139696791,-41.69392648360004
3.5816271803284048,24.835456467199247,148.7627809667211,-74.56280638343422
1.1355759219962902,28.059925497751582,107.7649334671605,-87.25869028331313
6.715731955927996,25.50226542156262,140.75430310324307,-74.59837799525111
5.2030770090379335,20.43412532854819,140.71064891256276,-110.60482116749488
7.723183917356393,26.33151375594022,106.60098441402415,-42.72056965457704
5.201635011119934,29.514033422066568,134.88205339694792,-82.12839380409035
8.5218150031854,26.016118201463314,111.09980987913148,-53.10193445471634
5.519068387744856,28.1918885942679,180.8235210009222,-144.16684907842463
5.609379715353863,28.84206463348408,194.76880259644707,-150.2263110259513
8.76653602658345,22.280797719489325,107.23164752579386,-66.37716269369977
4.034828662123971,22.120448399082267,195.51152072917014,-166.53319124427983
1.3401522845064073,26.10980988850992,152.25765993367452,-127.3500022076187
0.28782676313338973,24.110284698067048,129.9565677953874,-115.60958320796078
7.55137255673619,28.398613028667203,107.68620752761635,-47.656686304319955
6.203095513534647,29.00023123398011,150.0624268070418,-84.89210011109492
7.0407976809922355,23.53421379302718,179.45155444907488,-146.63057536022217
2.129641615089107,22.36870558974482,170.70864772666982,-146.83781369863158
1.3637147558676976,27.80525515243862,105.02260114639738,-70.17264666717352
0.14544665667881929,22.74806035548136,107.29018353679035,-72.8890117000255
3.5058755880659698,28.226143185136785,140.2873282632637,-89.94425128099624
5.899176868546331,24.23738253648763,129.52904940479434,-65.4031485862529
3.922440450997323,26.675498992914704,123.23843230560479,-79.89466875810636
4.374749220237291,20.95535313834668,128.10044989087135,-87.716127960108
9.041586944937483,26.23859324676573,180.34827432968848,-128.6906536747475
3.4825546702330037,24.51767678737229,192.92280536318538,-154.87258601789497
5.139894891598108,25.86608463175474,140.51026945275663,-103.49223737211693
7.8365301274114305,21.680142077448636,190.6111002132497,-148.32711331854466
3.9654278232127016,27.36873744944182,132.1495701247882,-89.17311108584038
6.220867002278735,28.627970775432285,147.64369863437918,-95.92254699595662
8.623637087467452,22.167398000907756,122.60289978159997,-69.47168928539385
9.495206236576422,20.957145555201617,164.0476042175844,-117.09149360289362
1.4707348092903794,20.236385860463365,197.89811151748088,-190.99604211270724
9.265876251614944,26.41971500443266,160.34930960433786,-102.36007130353927
4.921162930795382,26.070940360887807,135.7814084113549,-75.1834645023558
2.5824438829895833,25.466974127140702,164.78174459905284,-125.3643974052522
4.591357562382613,22.319470961159755,112.29206784653876,-63.118295004102904
9.800325752854771,23.909059959055146,188.86590802653987,-146.68431884307904
4.926180939928696,25.94476335186173,150.30839507798362,-117.53684604720351
3.287516102875082,24.967668588591692,144.9349742039642,-100.43055306627417
6.334008543167258,29.877855202148872,158.5864788453519,-96.6307808635263
2.401456187781931,21.36439752556733,162.47838627894026,-126.97702531629034
0.7586332810866392,26.951445540475937,107.1775806226513,-75.39965088807116
1.2887972191064923,24.043187681042923,168.26172212234025,-149.2080687033489
1.2804583895777244,24.28199614925615,124.19316803155296,-109.95284698615794
1.5190269351229435,27.175977656581765,171.39526325065899,-147.2128796096475
1.3882717264941014,26.924361513243696,182.25347943841967,-147.33835999976802
6.4087474480321465,29.912559937021882,180.395850755252,-135.89298276272592
1.8188008439914483,21.28394289454125,155.2500967407889,-128.83323510443174
3.456672833238632,21.041096493841664,152.01698923107512,-128.04076058386553
8.967884099060118,27.24338817128741,114.28759613394118,-45.30583557209983
4.739616402628723,25.78386917006409,177.53461504031355,-153.7836692801978
6.675577385210271,22.74160666559806,127.14093804467143,-80.59513631127483
1.7231987120162984,20.794193689889866,149.66954228179466,-159.81580820633505
1.9228901880867078,20.856582495964304,128.42740929275166,-105.45291383309332
0.40868616266478863,28.941908746641182,113.38283629996931,-90.15572605984131
1.6893506307216455,21.918673247187428,162.95576968917365,-131.54503743492086
2.7859033903195862,23.233715621155206,105.43320348229038,-60.20430598055886
1.7701048427674682,22.26656402226988,174.86452341262,-152.2155668790303
0.8870253375705561,23.549963058319374,131.75867952611168,-90.34084205577258
1.206358711006008,20.694238427460935,100.01346930044853,-81.82517218259761
4.607787680327258,25.190597909082705,151.11291392372297,-94.8343522390929
2.063337184057925,20.676125635922148,104.68519085276031,-65.65876940106929
3.6426986104807546,28.003565078223616,127.61695578208995,-83.94896800974513
5.034172708548569,22.33712081910433,170.6976487455716,-128.95341882281735
6.903948286293653,25.400119146045107,106.26896216218658,-61.08162051001772
0.39312139841098936,28.80079087561458,183.93384923560023,-167.10817496476793
7.994103989090426,26.50877369047194,100.38199226585832,-42.896499239619416
6.279003894909078,25.329577865513354,124.68238692019023,-79.74001423510859
0.8175903194887191,23.243337531153756,174.09040561520715,-167.8014882322177
8.735786241067773,23.33001913058198,131.62701497293068,-66.1532952786042
9.208724005318132,26.694869551981903,110.18923880660135,-46.525870493844465
0.6107795985486375,29.941393612211677,136.0233918800428,-94.6883653919178
2.7687764814720373,26.618391898493787,127.03932863845256,-92.5613673582908
8.062012797930613,25.57783417370025,184.2711902160555,-157.4009647072241
7.482596903836583,27.30650510239246,131.3347917585143,-71.36842664785074
1.8452101935637732,24.65205612283718,178.89324717760073,-175.56689283188737
2.093493233367103,20.60142342600785,189.18721448107345,-177.1207823267415
3.70472102791382,25.6229681587791,143.38174195765296,-118.96648400637716
4.845229851910213,29.5762528450538,190.9943143854392,-130.25198181392022
6.1825477153029595,21.753029423576596,137.7318053963193,-88.8442604607647
3.689136395697724,26.900048908206657,196.40784164901083,-165.22979197392218
4.625347161331479,22.009336886590564,108.9289524525573,-55.6693536400217
7.474709381337565,25.358276844730813,168.70192665032425,-131.49160754643026
0.366832028905979,20.966764496467196,149.38140404569288,-128.50877352437846
2.5243694434402073,24.50370936258185,138.76488054556472,-104.22666960402793
7.133495858845524,27.56163328895246,163.2711878748601,-110.43855922373588
8.952068376871994,23.47571524238982,170.38570916343312,-111.10807466698144
5.116774421156661,26.64911724487218,100.43632696503091,-39.32681464195918
5.321134852653157,27.95449960789729,116.69530887471987,-59.81871286054323
1.0717201133977605,29.27177819479453,171.30460506343186,-156.8926458324405
4.474123668234546,22.346420818554535,166.63854135782066,-146.97979602439398
5.326172664550231,23.993159158093082,196.60475051286772,-168.1255513934772
2.4247050363472966,21.524160133304175,176.1037790250783,-156.70360718017312
2.6924323094938094,29.924835021583753,195.07727077313382,-173.1290955459456
3.7728416310462265,29.270009679242953,170.2540501534807,-105.51612739332064
0.20071197777726368,25.399571302805597,129.80522086394433,-86.56073282608529
3.220791655831783,28.420332943764212,110.53649222508565,-55.66713748886187
2.1144800699654462,25.20957977272042,178.18238633449357,-152.75769722096285
3.2749735217791462,26.235856880027598,164.4149221475916,-132.86228950183644
1.1976213181925122,20.891244321160165,104.81860123932962,-87.23821839930777
8.90527280739895,27.55270420496808,136.00504659009783,-73.40211706659949
5.935924535540487,21.27713483635235,195.6799815484286,-166.78073342595516
6.791023191444896,28.260676302525283,150.04011457102013,-109.34974183468015
7.891712386073383,27.82028087670386,143.27291360197046,-82.54214895758061
4.984421989290572,27.087446977429764,145.7699605159294,-102.14742749224327
0.8692028808742369,20.361603805247622,120.88827240051637,-118.3424243853137
5.371065418185478,23.031283559453286,136.87071708647952,-105.68428617306935
5.868411180208791,22.63112569910843,136.98132559871766,-100.44884295381915
7.4543947418433,23.601364074715192,105.23550201874724,-31.752479695741325
4.316595462296794,20.876427467638386,176.75676285179182,-147.59400237673321
1.2758030279556376,29.36957823031063,141.6504431903879,-117.19392263796733
2.8377590579872445,25.538022407123762,182.21798868164234,-150.23921976587917
3.630822963986351,23.055243106580235,185.03480011198954,-176.39090912600034
6.459172413316012,23.969815170742834,121.19940546986581,-61.66866071980225
5.707783046689119,24.472025405048356,165.73534821701287,-132.22517036458078
3.5609672589784624,26.005943333606172,147.2281804162982,-110.53431197995197
9.865152487929796,25.156794276964977,188.0156737921485,-125.00354038577557
6.057748193568871,29.193919732144174,121.57406791764541,-76.25116707202318
2.372267917359945,24.9696348290583,167.78132003100444,-154.56959503655298
1.0178247262040374,29.921580148233126,160.77521222527224,-132.36854308078304
1.5285913918433203,28.514249577450958,129.53014775718327,-79.82239481432813
2.459577283845081,22.085105143573358,113.66009036511726,-96.59832789794729
1.6068137325955567,29.30595214643916,165.16397604772766,-159.3519796667722
1.8656702405130576,21.16366397885476,173.85974581323308,-162.169743362579
2.850951686938471,28.174497084911916,131.56273437633502,-83.21309846989313
1.7337359529475482,23.806232934765802,164.4832604022314,-129.31612998696477
8.967654246264251,28.779743204450696,139.51309076115032,-80.22307194296303
0.8023374566164221,28.680566901074503,171.32068832826178,-146.66172047466023
5.245113895702547,28.059254001176214,119.9215274894053,-55.08449360729993
4.103968269896615,27.900304363070614,189.02150026361744,-172.5686892062087
9.823786169086064,23.04679139098041,128.74095964655797,-75.59284581483956
1.1203890216805235,20.809192830512522,136.7785987756153,-114.60941311152968
3.9785559904574166,24.029801787651614,105.80919520803498,-58.091317316122286
9.69470433275369,21.735245149865086,111.15122123212764,-58.904052431107395
8.655071258939802,26.949510889024616,151.5861902712328,-94.67229593517993
8.1707207094928,23.460997265377856,126.75926767279715,-99.12877800096817
2.579028270449398,29.75610200859915,183.54802257421943,-155.3256980477707
1.7088758739006582,26.40972077345332,101.46933886549539,-55.7866403301455
6.68643219924431,28.22480563634361,137.90940486719362,-92.63962164950247
9.293759891275858,21.325246727418484,133.73455467690928,-82.58044564935085
5.567628930139298,28.620144822726225,101.93276309176011,-38.26158531887252
5.7161268946989985,29.227571905133942,112.43683990005103,-56.96535475641112
2.7997909366028417,24.87061918818936,141.36426749186353,-105.90491470696293
7.694929331919369,26.062529377509776,149.28645844474465,-107.10751143205137
1.8704374855752337,27.648098009029955,140.4289747254869,-105.97334544906853
3.2367923640424365,21.748386272604126,153.0937678412094,-120.60997526694187
4.254364386164168,25.025660764634424,159.51316749056815,-122.40190842169056
5.07610378684455,23.98663027772313,100.99238211278356,-58.91788439380512
2.4240973241508024,21.46373992162249,146.4095159453504,-119.8910606215775
1.1483682473920354,23.675344222915314,196.34992408875883,-174.7362992661501
6.1062004244163255,20.681723093854934,151.90322801295486,-137.9799664187681
2.8863055324025577,20.25811906949487,167.75422674589532,-137.07021203616725
5.812382214226123,21.351662891548226,131.1863857916883,-95.60438051479397
1.5436271527420231,29.63115111589174,177.39913781527625,-140.99595366795944
4.811401018548175,25.49529535895017,177.2921481876115,-130.39808476996757
5.325894325515859,29.6582216115322,152.1296047654139,-115.34936716727819
0.5182353682242691,24.32497878330132,197.60138232792136,-191.3197895840634
3.366042781939206,23.118161330852594,112.55502147626534,-77.62222419869778
1.3441467693897424,25.061418628402443,101.6947664889581,-72.53776218548477
0.6337497047276774,24.395116886329102,177.01582117570962,-141.62175022464547
9.899602323899453,21.05664684261744,180.71555373648826,-146.55881891890914
3.2235384497472297,26.408263146902062,112.02072291205762,-73.24059810672817
8.09874445854635,22.160381825095996,126.5582832958606,-74.94364220138914
2.5464065476376385,26.195879548978297,101.75523633666289,-70.20400889517019
6.8150272222392925,26.502010923981533,129.33086107805647,-79.64702219303166
7.6022785988968655,21.52024853128648,177.31418739186716,-137.80199524589818
5.956387406078443,20.613496271106683,151.7960527712579,-121.348169278736
4.715761885501584,27.8076158606844,134.80955931682882,-87.8041798625013
4.118409141472686,24.598004237693203,137.17392949063304,-103.83179561893321
3.4886826654299528,20.58163795505476,100.13536257154682,-79.87530914304402
9.29529144247826,29.94866317169767,129.9800527565236,-57.33441848519692
8.306194077877292,20.577805609963665,164.64587416379305,-107.74064722658503
9.650269106665126,26.95035228858553,197.4194443816357,-146.34763527077092
1.2429722348554473,29.836789252634134,184.70608269838993,-152.38699781306664
7.308674752036443,22.391801042159255,102.35949646455292,-43.30102438563292
9.383404568210379,21.422493686871963,189.85606046748393,-162.69142479528023
1.8123306616566015,21.21384939422429,178.31984132986258,-146.0664219708699
0.664962673667775,23.032751475675955,178.03761235709806,-160.92569940753293
7.4112064929005905,21.010458110106466,145.79957590035715,-88.57973733316186
5.744731131799119,26.92161341694132,139.80052929545027,-98.44901797290653
8.41828776758272,20.622917981300628,130.29157288331925,-65.39713328713398
1.397723766262895,25.094221281497898,106.56948589543657,-62.54193026111032
7.952673118598902,29.96696853852977,122.8235363493699,-51.09285291471161
2.0162732004774453,28.139702695060187,124.66036349780246,-81.10185979253401
1.636559428657045,26.152194382310107,148.40770697102016,-119.9269683428178
1.6426579793099294,23.062536207866117,174.7444406596694,-143.50738324276097
8.14574720231382,26.238958362916385,147.38098283979465,-91.84165293905035
6.651972206962001,25.270414639116517,105.78444494471606,-70.2622575030191
5.230654247691193,24.260833838903714,195.7789800988204,-176.8515998070375
3.5883048412350247,21.307103767401994,194.27243190941124,-177.68139095735415
8.772005408131083,28.866042152404667,178.51895431484084,-119.80204789764487
3.924451074226354,24.497846488213227,199.13279015642206,-174.3441766916654
8.16599439471577,21.94622511820765,154.4482332800263,-98.48011890835366
4.391349085702184,23.677593508772897,196.27683502532062,-189.95055250239025
3.769444294249076,24.14129752528927,107.56050406167508,-63.74694567597926
4.626797856696064,28.275378955668742,136.56807482613715,-106.48939373989555
3.0137787416414206,27.33614380561402,122.53812680067658,-71.4945016184358
7.476093801762511,27.693048936413398,119.583308413427,-60.12282616789551
5.027203900924792,20.110312644286473,114.0802948892676,-72.87338394064157
2.322126951468173,24.161539981797617,162.24136415659967,-144.46178830190368
8.995745732745684,24.813441516353237,178.1321855747305,-117.37063612414741
3.8389122137321143,20.191922768230565,157.82983994203607,-123.1393307285082
5.435528611139886,22.59813208745034,114.69627095882097,-65.31965459783095
9.06472110964547,27.60289823122135,181.11237699334708,-128.93741469132692
6.242379959139921,21.37109705728999,163.59547071637286,-123.78835832939738
1.1689804070836407,25.353101314525915,138.81657061269954,-116.31586622981574
9.398321236134752,22.152018720172375,167.4130295536063,-112.92671523528679
6.277080530714178,20.121207746438934,125.99049792428329,-70.46947044087936
3.3490561465708613,22.412014575995414,134.51922084942106,-91.93003229692499
1.3927207266338726,29.758737549100537,191.74858431319902,-170.02645447758323
7.9402518927029595,28.015371118829897,129.05045056714204,-64.62320653383627
6.200727559285135,29.595766443210334,146.99882681579368,-105.47635162829921
5.334610919763215,24.878540439263624,189.01411373960147,-150.17696023414013
8.938925830509577,21.097361986775034,170.77213502675275,-124.82982732446682
7.885972112245307,25.47959488973693,106.22032261647027,-65.05449887377982
1.5167487973275118,24.54377334559961,114.73030442789704,-92.44365893619462
3.1172206779554825,28.443570827396158,100.78415907719169,-53.13060874969157
2.4848913981446574,20.980825807842447,163.09217902291635,-145.96235820893244
7.43946292572677,24.88241137021778,144.76734254104184,-107.52439628593723
0.3353243473577938,21.50048664693984,113.42748509022755,-85.89853764042527
5.698896848713165,23.2467592689006,195.79341210567705,-163.67302500222002
7.624586857406905,27.373570773877997,152.965972394562,-101.3313055671916
8.767656367617494,24.760181293687666,124.18932941128892,-73.90193229172499
3.4208174871590744,23.75888285145769,150.06035711547077,-107.71884208128135
8.212573046720129,23.94476278570035,167.96203327351077,-105.97236128383878
1.1063173695520723,24.594467684059865,107.62392179735645,-78.46382806533512
8.464522917345182,27.850165438370567,127.4703815047892,-70.97494934600891
1.2748866233198242,28.920846889402345,180.69654908839937,-146.72790060259496
3.9728729056036727,29.55334686503928,145.96648704026612,-102.77299465959385
7.972953657795536,27.86903386255295,154.6577142032295,-100.55292013686216
1.4991742734877378,23.154068957480128,143.28160022094693,-110.67073397997426
2.2925139523264146,26.881347060865423,104.38999426430051,-79.8869263312737
7.222525683930662,24.37603124055392,116.5749779820156,-50.23844483097146
7.200365365460744,22.54670622046051,144.5541638741891,-100.18882956365381
6.411476328852973,28.408715794259226,120.91854654079279,-67.11871697564335
6.939484444671001,20.38426348962325,104.99790286596787,-59.7946760968186
5.427244433475962,29.017619921354235,184.36496640518237,-141.6813087840039
2.5179905890695276,24.61477464624734,198.1192529164116,-194.5511227152804
3.4569599350391944,26.372014768082806,179.31428739967396,-132.74717181946528
1.8159771680142567,26.593539222057828,185.3784921704667,-159.8385818274825
9.084505613336283,28.951177407065366,124.19771303170454,-52.01399213205744
5.833917947661204,26.366696821672072,196.06269755131996,-149.97096321351796
4.008514167636399,26.13933584760062,119.69257044534284,-84.9203042433257
4.620058036441327,20.6665204056069,195.14298103618324,-169.86696227374847
9.472833396118153,25.184080219452042,199.4819293965951,-156.01324083763922
1.533514031160802,21.501690008170417,171.17228057460488,-146.41818081114025
5.862298320167972,27.374337687214854,198.1143731791822,-181.00536875479446
5.05888678884466,25.122219208126744,156.95397795671036,-118.87295245244263
6.1145423543464785,26.802277792083533,125.95417831760903,-79.48753893538233
0.18110183820840509,20.416729006023843,143.69958856656208,-124.60788942715347
8.721239089441514,20.84792016045803,159.3560935378786,-112.22190122176511
9.321182824836123,27.163233880626823,107.3081562027015,-46.179115355219295
5.65133183589209,20.720843359986734,162.2343264617246,-138.50949791423548
6.966508238768922,20.712567277652585,198.11778367622946,-170.96882397828696
9.224993811772958,20.121084752348875,119.01076497837276,-77.23758392606139
7.072386343133986,29.5650139829948,179.2595116288383,-119.85169543482668
1.5253904291426135,27.37508359459007,190.78987937796194,-169.81338520739047
5.762883601668132,23.53251408502064,194.3701592820221,-192.72570114726108
6.067150463828559,22.965355812876552,196.01356044054472,-169.502219264431
4.24130671302386,23.497032297458496,152.1459638721472,-128.77225353477002
7.3644423562472285,27.74653531181182,197.73079079915038,-169.5464347119198
9.343670147690148,26.613706110704143,175.73102071344388,-134.65986288896414
9.255685129067764,21.851955678674678,116.16714362369619,-60.02248275315171
4.508393714041321,21.741093353340844,147.690010646797,-102.50593045251368
1.1323804584075525,20.983956497133974,171.8331175372004,-155.03825605758288
9.848411989623346,26.603027197013382,124.73403158190834,-65.41007270303759
8.388980864459342,27.643726622217358,164.06151835488873,-104.9015211418953
1.2466268120326685,22.65046428325004,166.66004790466192,-152.6537917508448
9.208418826173723,20.20944961030913,116.26997438085658,-71.80066287540212
8.698963620621283,20.821716674764275,156.50853124527563,-125.18188648748112
5.188380571260721,29.678600348450303,177.16269109786077,-149.62912465379196
5.912754357449293,22.954447774774202,149.8895664535942,-114.86773623180915
3.9900270387013026,27.692231478381338,101.21031167761075,-47.75305837387621
0.5476163882203133,26.24663568854264,100.90384690792922,-65.01626068495331
3.3519724164590095,23.81939639652896,135.70293439700123,-105.25055466555771
8.028534485980114,22.056872621955552,192.61940684317818,-166.18144561174455
0.04632023004602859,21.213864181594065,122.86767796036088,-96.64751604907472
3.334991716911442,26.150129680388666,163.43636888716873,-142.70721852606206
3.9816869359094333,27.74633780637788,122.20758706933205,-66.68561167568711
5.373956029379229,26.439042535411307,132.16699896595486,-94.29173352122203
9.198556164127606,25.303021332491582,184.8042089601484,-143.95811175302947
3.4634599436596125,20.41951223431636,172.8861442269947,-167.1281394836774
3.469532018962277,29.68488777594384,109.53992773132106,-61.980308350591585
7.3750124810974835,27.987141916545745,142.87020209864335,-77.10557622500498
4.522179408898071,22.928220367009647,102.91697636452645,-54.36720005112865
2.2460482293998196,29.799703293588507,148.0890146603009,-97.4820507526455
4.524395161326934,26.018815896363222,166.2434011701068,-123.79575949778176
1.4085702037979986,25.824226582072463,111.85026235981516,-86.09614158143671
1.763869865062233,27.480731794295323,128.88849389091658,-94.09100361663748
4.983677727394797,28.117697880901375,139.7836625502157,-99.05234875565878
4.189254495045479,26.564786073315027,191.95310246560496,-146.58953243171482
9.148459010681,21.280957463662,199.32550154229642,-174.4488711039451
3.623938991166331,23.382675059944983,104.49112989956159,-54.664974890616165
5.805883502780435,29.280836403260498,176.1007923495392,-120.58106341178078
6.322642879195303,22.24615611843852,137.17240664023433,-77.46450802521588
0.13094456588333636,23.721670238375133,139.245818622948,-120.91803479265313
6.635373720167106,24.32076882944196,175.42649733470228,-129.09115264342813
1.7803596686975143,24.394049896944523,191.84264321454089,-149.93588986803584
9.610703174694551,26.129395824945256,195.09285945025482,-151.77865576582676
1.4866272775311296,29.430758377447077,157.71225860383208,-137.59732473592427
4.146241237270237,22.40692711832505,135.7121159300503,-120.08824817620956
0.8534966807864386,21.215013763009182,178.75490858587793,-159.84000272936836
9.968742518459473,21.974704898599374,125.10013832623002,-87.91418897039503
5.021950103312426,28.869249002092694,156.40740288335178,-113.20982572341322
5.953850173200438,26.458108126552062,135.85784615248733,-82.2557808406343
0.6707647738842748,22.8590678923916,165.6631073707876,-146.59225419402864
7.499604703991778,28.159469389686173,124.03989128935069,-59.20991872306692
2.0990559309558576,28.61369996363436,119.15929457348258,-73.3327892481929
8.980542894407137,28.46514338690278,191.82390866754372,-126.19133102499771
2.0513964048200717,29.189265336395543,110.1803682949537,-73.26226113803152
1.9068772066366657,22.522410201733617,150.59579077349315,-133.51376866590817
0.3654966784809488,27.550419287462784,122.08527829630088,-95.09380952991413
4.720669451099992,24.6053949727414,103.89299633256674,-48.17600495884706
5.648411332626164,28.419985528900614,103.60188182914264,-35.86686303613767
0.6570863942835237,27.284906771616132,117.52217721058273,-76.91625285912798
7.755276166950106,27.764474464997246,186.67703545060004,-126.7286429110012
4.532888347480276,26.561618376810713,128.24787439770267,-94.03335014352353
5.243902693275801,21.77428769469707,195.04591705752958,-153.303195768195
4.407627469382281,25.450269188969383,158.16222929891936,-105.69002750190695
4.00763060875326,29.84669739524508,143.6614189768766,-88.33271113914336
5.596403313082179,29.37388066497119,158.00888346694546,-90.52011008039683
1.552402459307125,20.431737357970118,151.66983852262678,-150.22998124461768
1.8192813049527112,21.648148157294372,175.87762537573252,-164.46903611585287
8.617856210135173,21.31728773454562,128.24960659728524,-86.3237615455429
9.461154621336327,27.259799099852955,135.30503916003025,-64.79163447009452
3.7330931627975295,28.177853298569453,189.40943025332507,-165.5534057032243
2.707446731435538,22.13511366310672,194.64565131504054,-170.04002783212528
6.439995432390157,25.05852692951829,189.25582274864746,-138.23873529305584
4.087341710980964,28.407030280112,141.94479939573137,-89.42127069736904
0.2538635566034486,27.328015447662505,178.03655030068816,-152.52899523600746
1.5615259736619036,25.422372054918483,147.63357333010987,-128.18669918199384
7.159722288473976,25.903476904587727,149.75398521461022,-108.71696240949277
6.589239419101514,25.083605469162798,120.46801090572839,-56.327514581810235
0.2709599250348349,22.975484513188206,159.11303032585164,-133.9452691366515
2.219721619329494,25.65021992859016,118.61358977533479,-81.09201540648459
2.310747965880714,26.888853020500907,133.1564699067194,-99.41265012208775
6.718927435987284,28.733229158608076,185.5030201619935,-159.0056756664735
0.19710537754364155,26.36291353979248,120.70758092108552,-99.50563403718006
1.0410858198457384,27.61121537043158,107.11582851734329,-47.79745070204829
7.999160853731894,21.60071634954573,106.90075926128164,-67.72689950145498
1.7854466205433361,24.6155747441979,194.07845205031077,-173.05757411344482
6.527461078518747,20.093316198270934,150.69204379618347,-105.7139350322836
2.381827810467265,22.46678864521623,140.94120718170183,-126.16202180647558
0.9944139275934516,27.264617151130047,181.08785810079183,-154.7221802091892
2.4317219099945406,29.918099513493637,183.58259279105158,-139.5809203108378
7.2226693185565916,20.99178099587216,133.21910331156045,-90.37584804852042
8.556964681062858,24.014943158612883,169.36180574737952,-94.16937932338067
8.302198645669916,28.000709686991595,177.11228158518867,-141.3615448884813
3.9718352961845484,22.040356346288988,165.46506868659546,-127.78462526122297
6.680851365706461,25.550849493022863,115.15950748000994,-62.87966263465594
2.0498429541582097,27.330712960296747,187.5883083517057,-152.81782091750318
2.9314773026101326,26.15985450260179,153.90945527360088,-115.08240979672938
8.963358185211197,21.88024734615416,128.24724263700037,-83.90798006033748
0.13001923510736035,23.553845686857393,142.5228185437694,-118.81927506265357
0.8550853085446808,27.837917844853973,103.75710903989074,-81.63511930775202
2.078862551460273,25.542265141320165,112.78668012224176,-68.39676541409287
0.26532203873819715,20.052296135429128,176.5546750515861,-165.8455763820132
1.8143543508979731,27.609907600280938,100.00116347553661,-49.28374829548004
5.830415609696922,20.35311354940239,141.65658284822922,-96.25872307931931
4.214245505924979,27.457337827312323,152.25101810855884,-106.61475462008016
8.926717110769749,22.024805601652375,105.46344200009723,-47.5796345509698
8.17443561738441,29.580734801193802,197.30781629723327,-154.84999517994044
3.4181735169787597,23.679407513020845,122.6125331249672,-92.56688429968172
2.594234334312925,23.26931616338079,130.41987196362808,-86.69111604138548
3.7969240816726693,21.488880503324445,130.39425122550273,-83.6938640707078
5.902949425148077,23.056042154902148,123.04166621173499,-80.95309230388973
2.6806364082287626,28.766507618282006,100.14738220863114,-49.92493775063173
6.24148907849134,29.963343376272473,172.93447940879963,-131.79928617560532
4.0941165219124045,23.683095305068484,196.68454997992853,-160.22998355590255
5.520471808519803,24.486106309545427,122.4293483285045,-69.5185751774229
4.361265291353167,27.220709382027373,166.30471918034226,-107.72557042977964
2.9446575954191765,28.861957804650743,174.18963269587152,-146.89437703310952
9.484533069621566,25.930443341867843,184.84253790905245,-137.94132771944714
7.636057941597608,23.915256981778292,142.26291970136091,-91.45280195905133
1.4011317576645255,24.12621840848624,130.29309056404293,-94.31779348994685
8.684679758979128,26.95618146496807,132.5295134023031,-74.18773222538016
4.874311982495136,20.032182636042787,171.26213330985127,-155.11649540193568
8.945522268940914,26.195893374598406,181.6779466505636,-122.87875666349075
7.998552559473152,23.554930104413575,118.16139677566026,-57.12203532791196
4.252135044692334,27.94197331277084,137.09410081577653,-100.11504537132711
0.22469308320117398,20.92990639823132,190.194019674915,-169.93916637135317
2.686773593849461,25.882022669483906,180.66935196947392,-141.34528008701335
5.416342146608669,24.809728898861238,198.4858402762476,-165.78241515828023
6.334782198261473,26.423255259052276,175.42482596820807,-132.0532388001644
2.578876854332023,20.648535944829682,139.31952010279224,-109.2548519378872
1.3935607407282413,25.799837874281312,159.06378339946377,-140.43644865337947
8.34930236799299,25.614845879595237,166.10142542473204,-116.00766108291215
9.84402180703552,25.60660094416171,107.84558163171239,-62.71059509678275
5.256901823026858,26.034876665964546,154.4496959103865,-103.5026812583149
1.716792858483035,26.764679372263622,170.93208284726097,-158.5188299546875
2.7230732651936895,28.0498899968077,116.73213040010603,-56.608832774363144
0.18390676547466733,22.698207201282145,178.0631717425557,-168.6670982288775
9.14298806560499,28.25049410180062,158.37727805141117,-100.8429076376064
1.1775108289014113,24.982556822634535,195.22217856975948,-183.95929611586897
5.765164755142536,20.770582791343312,104.24222982068918,-64.17476401922794
2.74055220687206,20.58550929243979,126.53261375554669,-84.83232081699988
5.541780025157934,23.342383186960607,160.1553879299824,-148.64931730065962
6.514203883518642,27.848969771114675,129.65599122059308,-61.534985492173746
8.297418037072017,27.076809347409156,171.44241640712423,-116.4484021182207
2.064212717606032,27.886149646724064,175.9005282521931,-157.36519161146222
0.10995828658480478,25.172690564416094,110.25159640664745,-89.80753543014869
1.3688563006880727,24.401989979554905,151.38544642067677,-108.86342942325652
9.00018641848105,21.47452526706284,150.8890555591056,-113.92477994483838
8.738900775625153,23.281927536093114,136.92807702155412,-96.36899699134094
5.974131021703083,24.340193661738752,193.2924862569672,-148.55397281910118
6.005168604336534,20.886004296796173,182.75063198732212,-151.03653048347758
6.650366745462555,22.20611952711211,169.7209381909637,-143.13524697846603
1.753712786234496,25.982252940637387,171.43266357349975,-142.85222060699425
9.144119459249598,27.356631142391898,146.1716143813119,-96.21012058758049
4.187705248920731,29.983475113929497,192.0994521096576,-141.88886243688856
3.8313852824949746,29.33113331343558,169.45954272532853,-117.73251317471575
5.189177052828375,26.425651995351913,172.89810616558162,-128.50167653534015
0.46965966775055046,24.21248053294072,186.16909037873452,-167.29627988570883
1.662833687560794,26.361773647082327,127.4071589342191,-74.09706690705352
7.380336164263705,27.85651618080232,180.7070903866703,-132.52178463551428
0.8279866792512647,21.183361909233874,119.5240602956492,-107.86460022221648
6.031521094663882,24.099048896962884,134.53419522448877,-85.22796862611779
2.4534910968132095,28.39802285635617,133.56104542698426,-71.18971717981577
3.8929561404197655,23.83832951933044,197.85254683891407,-183.88481265649227
2.8869373677069987,25.718722712271866,185.65372237479266,-162.28549603394563
3.5567271646494913,25.877693608621982,170.11698615902597,-133.18422135543724
7.1904590518424545,21.844762531336393,172.70567616153903,-136.74525188664919
2.9712171562317504,23.622354416522885,156.2072794402571,-137.26556681057247
5.664046402968972,23.345112887419322,194.7090667108519,-153.5834020167456
4.760504021990997,20.26196708532065,149.62587528823616,-97.13874816956894
6.636711653626481,20.241917638913552,138.05177098698945,-97.96429276473712
9.36829739324758,28.316970436757735,116.3035336931591,-56.35024453559315
7.325720972102503,22.730708099728126,178.62056522610578,-156.45977311007385
2.149403785907568,25.180787662388155,173.44439320755913,-145.1509446951675
0.3118313506128467,22.98725573588773,138.4355038524135,-105.71918441722441
2.622640442998251,29.406792451153407,102.51934139592294,-47.338026512237676
5.9507793070025485,22.592967588657736,183.89973277180107,-152.43075822465966
0.5142581348425035,24.29656812738935,101.14179834540737,-74.4401779929155
4.963662472012364,28.72730250484602,170.3699779629051,-137.66545597044708
5.968428489168892,28.419335667918087,197.0257109726057,-147.5132352891589
3.3424389081696084,21.861014178462774,143.76613281482034,-105.77497721056311
7.7091220374582194,28.026433097957103,123.49734049959528,-77.81666982960797
1.065982531337718,24.581868867378926,170.48710100433817,-133.3332679422212
0.7513778173580876,24.829688720853554,181.7128142015585,-157.5424961583844
7.281887562036033,21.33479972415944,154.64303160778474,-101.2860055900228
4.954913162061985,20.806015137571247,196.70352752561462,-188.4306826594721
6.88402396427736,27.27939306973765,105.16687216579611,-58.47767883168987
4.348273386037462,24.964611523552996,150.4795598304528,-114.42052384362394
2.464020332391068,24.368507026151796,171.845394732255,-141.3886934914665
8.191023176741997,27.295082286523968,186.2640471149179,-119.56499438833451
7.994158789689792,27.6551289899111,117.925561190779,-48.394557648055915
6.946964708544268,21.589081676693535,180.00034817636814,-148.77578257880074
2.7214513722996267,26.10225149477641,155.27070757185453,-132.2487332208052
5.902306668690871,21.353540822776857,139.6553681989963,-89.78592704335462
3.6097389694002677,27.513750860290457,113.17150285790936,-75.03989448748747
0.9158207332663415,26.569551562671396,186.52957589089124,-148.54937467330413
9.173135754622429,29.56614621083458,115.72732081797153,-47.521749293699806
1.368186309189614,20.689580163564212,130.97878592090993,-93.03195195326491
9.502373538208024,20.570547211512544,129.00455319624368,-71.55969440699519
4.460057729579558,22.821870746932,187.14140341908544,-162.40350837524144
